{
    "$schema": "https://schema.management.azure.com/schemas/2015-01-01/deploymentParameters.json#",
    "contentVersion": "1.0.0.0",
    "parameters": {
        "location": {
            "value": "southcentralus"
        },
        "virtualMachineName": {
            "value": "vm-A"
        },
        "virtualMachineSize": {
            "value": "Standard_DS1_v2"
        },
        "adminUsername": {
            "value": "manager"
        },
        "storageAccountName": {
            "value": "bjdstorage010"
        },
        "virtualNetworkName": {
            "value": "BJD-vNet-10.1"
        },
        "networkInterfaceId": {
            "value": "/subscriptions/48994fa4-13ac-4421-86e1-53616ae5e2f3/resourceGroups/RestrictedVMCreatorTest/providers/Microsoft.Network/networkInterfaces/vNic-A"
        },
        "adminPassword": {
            "value": "GTPassword123456"
        },
        "diagnosticsStorageAccountName": {
            "value": "bjdstorage010"
        },
        "diagnosticsStorageAccountId": {
            "value": "/subscriptions/48994fa4-13ac-4421-86e1-53616ae5e2f3/resourceGroups/restrictedvmcreatortest/providers/Microsoft.Storage/storageAccounts/bjdstorage010"
        },
        "subnetName": {
            "value": "Subnet-A"
        }
    }
}